1,94813,7904500188,Добавлен вручную
2,76841,8632006070,Добавлен вручную
3,358037,8632193621,Добавлен вручную
4,9424,8632201812,Добавлен вручную
5,49443,8632222108,Добавлен вручную
6,25358,8632222241,Добавлен вручную
7,297485,8632223897,Добавлен вручную
8,99161,8632243904,Добавлен вручную
9,60505,8632291037,Добавлен вручную
10,16532,8632341635,Добавлен вручную
11,67533,8632342917,Добавлен вручную
12,10863,8632343974,Добавлен вручную
13,377968,8632356127,Добавлен вручную
14,101989,8632370996,Добавлен вручную
15,2101,8632371506,Добавлен вручную
16,374851,8632422954,Добавлен вручную
17,66540,8632430041,Добавлен вручную
18,21044,8632452140,Добавлен вручную
19,63766,8632452728,Добавлен вручную
20,77408,8632472546,Добавлен вручную
21,52757,8632578443,Добавлен вручную
22,106166,8632645798,Добавлен вручную
23,100208,8632673378,Добавлен вручную
24,108565,8632697837,Добавлен вручную
25,115052,8632712962,Добавлен вручную
26,90539,8632717181,Добавлен вручную
27,1994,8632742357,Добавлен вручную
28,55829,8632786502,Добавлен вручную
29,39887,8632792676,Добавлен вручную
30,67127,8632920924,Импортирован
31,40879,8632925135,Импортирован
32,46539,8632960278,Импортирован
33,23893,8632973387,Импортирован
34,63612,9032212163,Импортирован
35,326523,9034012401,Импортирован
36,352879,9034014272,Импортирован
37,24745,9034016060,Импортирован
38,7233,9034016546,Импортирован
39,107296,9034017826,Импортирован
40,401101,9034035666,Импортирован
41,445897,9034039123,Импортирован
42,64602,9034310232,Импортирован
43,77934,9034312858,Импортирован
44,2293,9034359005,Импортирован
45,462092,9034369958,Импортирован
46,7721,9034371392,Импортирован
47,66099,9034601616,Импортирован
48,56588,9034607150,Импортирован
49,45137,9043411663,Импортирован
50,2971,9043420081,Импортирован
51,340212,9043430479,Импортирован
52,31916,9043432857,Импортирован
53,28417,9043434517,Импортирован
54,352359,9043446682,Импортирован
55,20414,9043450643,Импортирован
56,59382,9044344570,Импортирован
57,61261,9044422420,Импортирован
58,381123,9044440046,Импортирован
59,91732,9044443162,Импортирован
60,94185,9044484999,Импортирован
61,94050,9044487237,Импортирован
62,38510,9045001180,Импортирован
63,28429,9045020826,Импортирован
64,79992,9045050212,Импортирован
65,8503,9045059006,Импортирован
66,107299,9054556176,Импортирован
67,70055,9054578871,Импортирован
68,110274,9054853177,Импортирован
69,368820,9054863881,Импортирован
70,447073,9054877360,Импортирован
71,352041,9061857160,Импортирован
72,100549,9064224530,Импортирован
73,5097,9064264576,Импортирован
74,111112,9064548595,Импортирован
75,416149,9064549121,Импортирован
76,25743,9081709930,Импортирован
77,113460,9081712443,Импортирован
78,51262,9081721153,Импортирован
79,352125,9081759444,Сгенерирован
80,19286,9081776475,Сгенерирован
81,22745,9081792922,Сгенерирован
82,108594,9081806032,Сгенерирован
83,70186,9081838846,Сгенерирован
84,406124,9081840051,Сгенерирован
85,338211,9081856624,Сгенерирован
86,69323,9081919445,Сгенерирован
87,100427,9081960731,Сгенерирован
88,111149,9085002384,Сгенерирован
89,421252,9085014686,Сгенерирован
90,60709,9085045634,Сгенерирован
91,25273,9085071051,Сгенерирован
92,444266,9085074126,Сгенерирован
93,30185,9085075340,Сгенерирован
94,335747,9085077127,Сгенерирован
95,26982,9085081536,Сгенерирован
96,40092,9085144622,Сгенерирован
97,381083,9085160523,Сгенерирован
98,95370,9085187359,Сгенерирован
99,417462,9094026613,Сгенерирован
100,54257,9094048653,Сгенерирован
101,330360,9094069580,Сгенерирован
102,88491,9094160307,Сгенерирован
103,86335,9094187375,Сгенерирован
104,410659,9094208374,Сгенерирован
105,45372,9094208508,Сгенерирован
106,51154,9094232339,Сгенерирован
107,43686,9094277107,Сгенерирован
108,34281,9100831279,Сгенерирован
109,60398,9185004513,Сгенерирован
110,458793,9185044332,Сгенерирован
111,37529,9185098766,Сгенерирован
112,28986,9185157963,Сгенерирован
113,345546,9185166840,Сгенерирован
114,2438,9185222433,Сгенерирован
115,451592,9185228338,Сгенерирован
116,107547,9185350799,Сгенерирован
117,394095,9185414832,Сгенерирован
118,333185,9185433351,Сгенерирован
119,59374,9185549360,Сгенерирован
120,41376,9185552168,Сгенерирован
121,348756,9185553474,Сгенерирован
122,2086,9185553781,Сгенерирован
123,15176,9185556598,Сгенерирован
124,329998,9185559472,Сгенерирован
125,99967,9185581172,Сгенерирован
126,47158,9185583408,Сгенерирован
127,501206,9185590096,Сгенерирован
128,30705,9185592772,Сгенерирован
129,72031,9185619185,Сгенерирован
130,470833,9185633817,Сгенерирован
131,50974,9185703520,Сгенерирован
132,73918,9185706626,Сгенерирован
133,354780,9185914778,Сгенерирован
134,43162,9185952126,Сгенерирован
135,30886,9185967185,Сгенерирован
136,46871,9188967522,Сгенерирован
137,94420,9198824062,Сгенерирован
138,60121,9198865275,Сгенерирован
139,99437,9198888906,Сгенерирован
140,462326,9198891593,Сгенерирован
141,2316,9198989923,Сгенерирован
142,462013,9198992431,Сгенерирован
143,61315,9281013058,Сгенерирован
144,2178,9281017297,Сгенерирован
145,88228,9281018972,Сгенерирован
146,342959,9281080118,Сгенерирован
147,72298,9281181903,Сгенерирован
148,43376,9281217980,Сгенерирован
149,93667,9281230516,Сгенерирован
150,106288,9281277075,Сгенерирован
151,104285,9281286293,Сгенерирован
152,111879,9281314648,Сгенерирован
153,7225,9281329171,Сгенерирован
154,103688,9281337523,Сгенерирован
155,42324,9281379675,Сгенерирован
156,48735,9281398930,Сгенерирован
157,58255,9281425081,Сгенерирован
158,398352,9281447281,Сгенерирован
159,495600,9281449040,Сгенерирован
160,328580,9281463541,Сгенерирован
161,31196,9281486707,Сгенерирован
162,79430,9281496557,Сгенерирован
163,61936,9281503666,Сгенерирован
164,58220,9281577295,Сгенерирован
165,2792,9281591507,Сгенерирован
166,35300,9281662963,Сгенерирован
167,113818,9281671629,Сгенерирован
168,5723,9281740253,Сгенерирован
169,38579,9281801499,Сгенерирован
170,47797,9281811935,Сгенерирован
171,43696,9281820629,Сгенерирован
172,346212,9281878866,Сгенерирован
173,2387,9282260615,Сгенерирован
174,82701,9282262835,Сгенерирован
175,7479,9282269681,Сгенерирован
176,491546,9282293594,Сгенерирован
177,426022,9282700545,Сгенерирован
178,100670,9282708320,Сгенерирован
179,44971,9282792924,Сгенерирован
180,70562,9282796713,Сгенерирован
181,53439,9282900027,Сгенерирован
182,84353,9282961353,Сгенерирован
183,487410,9286010047,Сгенерирован
184,30698,9286127422,Сгенерирован
185,63941,9286155812,Сгенерирован
186,477016,9286173963,Сгенерирован
187,428497,9286208398,Сгенерирован
188,484925,9286213706,Сгенерирован
189,105519,9286225981,Сгенерирован
190,381734,9286238623,Сгенерирован
191,55207,9287547818,Сгенерирован
192,59481,9287613198,Сгенерирован
193,416191,9287654474,Сгенерирован
194,50816,9287673498,Сгенерирован
195,375768,9287681183,Сгенерирован
196,7268,9287766922,Сгенерирован
197,50690,9289050188,Сгенерирован
198,334809,9289600765,Сгенерирован
199,436527,9289887352,Сгенерирован
200,12972,9289888038,Сгенерирован
201,406322,9298172170,Сгенерирован
202,343495,9381024552,Сгенерирован
203,47557,9381110207,Сгенерирован
204,496528,9381263447,Сгенерирован
205,332043,9508400159,Сгенерирован
206,106054,9508400648,Сгенерирован
207,63473,9508458120,Сгенерирован
208,71503,9508524994,Сгенерирован
209,79390,9508525992,Сгенерирован
210,82503,9508538772,Сгенерирован
211,23053,9508553755,Сгенерирован
212,71533,9508632289,Сгенерирован
213,482510,9508647165,Сгенерирован
214,331279,9508651273,Сгенерирован
215,380865,9508661241,Сгенерирован
216,44357,9508677037,Сгенерирован
217,96452,9514901607,Сгенерирован
218,81245,9514935313,Сгенерирован
219,17910,9514950826,Сгенерирован
220,26007,9514991717,Сгенерирован
221,84057,9515049605,Сгенерирован
222,411955,9515092236,Сгенерирован
223,68260,9515302222,Сгенерирован
224,17731,9515310093,Сгенерирован
225,332039,9518203111,Сгенерирован
226,347915,9518219903,Сгенерирован
227,441850,9518229052,Сгенерирован
228,345418,9518241691,Сгенерирован
229,331282,9518320433,Сгенерирован
230,80079,9518326663,Сгенерирован
231,446784,9518398607,Сгенерирован
232,88909,9518455052,Сгенерирован
233,94568,9518462090,Сгенерирован
234,32779,9525604594,Сгенерирован
235,406557,9525638952,Сгенерирован
236,508133,9525643414,Сгенерирован
237,443278,9525652190,Сгенерирован
238,452035,9525653121,Сгенерирован
239,37354,9525675618,Сгенерирован
240,28402,9525688904,Сгенерирован
241,57686,9525710385,Сгенерирован
242,71506,9525753580,Сгенерирован
243,27347,9525777737,Сгенерирован
244,91839,9525859265,Сгенерирован
245,45653,9526021450,Сгенерирован
246,20277,9526047927,Сгенерирован
247,73151,9526071753,Сгенерирован
248,13289,9604431174,Сгенерирован
249,34316,9604467088,Сгенерирован
250,31104,9604474883,Сгенерирован
251,24142,9604507716,Сгенерирован
252,84132,9604571148,Сгенерирован
253,33492,9604575225,Сгенерирован
254,342937,9604627020,Сгенерирован
255,3852,9604645754,Сгенерирован
256,266,9604692571,Сгенерирован
257,36591,9604696788,Сгенерирован
258,26999,9604697177,Сгенерирован
259,106896,9612695825,Сгенерирован
260,80977,9612709298,Сгенерирован
261,84251,9612790917,Сгенерирован
262,102761,9613123250,Сгенерирован
263,20920,9613307442,Сгенерирован
264,63060,9614084699,Сгенерирован
265,51875,9614120120,Сгенерирован
266,88045,9614140785,Сгенерирован
267,28698,9652769783,Сгенерирован
268,474392,9673016940,Сгенерирован
269,165,9882560995,Сгенерирован
270,61325,9882580824,Сгенерирован
271,503195,9885306922,Сгенерирован
272,332727,9885347961,Сгенерирован
273,37913,9885361441,Сгенерирован
274,13179,9885372266,Сгенерирован
275,39368,9885442967,Сгенерирован
276,80297,9885509674,Сгенерирован
277,85140,9885522848,Сгенерирован
278,9178,9885531338,Сгенерирован
279,73718,9885535694,Сгенерирован
280,110528,9885549326,Сгенерирован
281,105479,9885650605,Сгенерирован
282,417988,9885662070,Сгенерирован
283,331911,9885663807,Сгенерирован
284,75237,9885707283,Сгенерирован
285,348800,9885738348,Сгенерирован
286,5369,9885878355,Сгенерирован
287,393336,9886268042,Сгенерирован
288,98528,9888963210,Сгенерирован
289,96344,9888996339,Сгенерирован
290,466736,9889435775,Сгенерирован
291,29559,9889502822,Сгенерирован
292,95194,9889509332,Сгенерирован
293,65670,9895190928,Сгенерирован
294,1518,9896108018,Сгенерирован
295,345264,9896131015,Сгенерирован
296,78002,9896241008,Сгенерирован
297,485605,9896306964,Сгенерирован
298,55257,9896379567,Сгенерирован
299,503425,9897025753,Сгенерирован
300,89962,9897192996,Сгенерирован